DOW30;SP500;BOVESPA67;FTSE100;IBEX35;ATX20;NIKKEI225;SH1476;CH50;TAIWAN896;SET582;KARACHI100;COLCAP25
9.136338;4.240355;12.561704;7.274535;15.02389;20.242106;7.819035;5.057172;11.590094;19.526954;8.640527;5.795669;14.91152
6.95326;3.479403;10.520056;5.880556;10.451033;15.057851;5.167262;4.394952;7.024389;4.501271;5.391628;5.000423;12.865564
6.214049;3.157183;7.537178;5.498066;8.358183;10.113007;3.653371;3.902497;6.350748;3.485127;3.83032;4.933581;7.701989
5.552189;1.813379;6.462625;4.867917;7.909293;8.609628;3.193621;2.926859;4.438919;2.530645;3.49475;4.792002;6.809617
5.443208;1.661861;6.406515;4.774027;7.86444;7.321468;3.084594;2.526751;3.678802;2.163976;3.236849;4.185832;6.531938
5.265117;1.643308;4.03868;3.862997;6.350935;4.914351;2.243909;2.211384;3.565452;2.135414;3.139165;3.870195;6.303841
4.234315;1.565821;3.643477;3.840653;5.413876;4.519498;2.208442;2.159243;3.427987;2.085726;2.992449;3.559046;5.537031
3.848096;1.559399;3.591319;3.369579;4.77099;4.387619;1.937518;1.998618;3.028236;2.045583;2.885815;3.428846;4.661263
3.721572;1.453066;3.170775;2.535814;3.135265;3.962895;1.901395;1.567975;3.018326;2.018552;2.422779;3.416856;4.205279
3.681967;1.404194;1.816579;2.467819;2.821932;3.118253;1.825864;1.213527;2.801656;1.57249;2.287761;3.331579;3.764722
3.568201;1.230533;1.657332;2.357202;2.688976;2.66749;1.765112;1.180336;2.659707;1.32409;2.175584;2.92326;3.647345
3.487395;1.058305;1.582731;2.229522;2.306517;2.638438;1.602557;1.079451;2.643567;1.257206;2.062342;2.407265;3.464861
3.443803;1.038077;1.321184;2.224213;2.136774;2.191664;1.527437;1.022728;2.494604;1.229956;1.878145;2.392368;3.157264
3.25694;1.0327;1.304319;2.147359;1.98362;2.080315;1.51619;1.015722;2.425561;1.192114;1.758947;2.097019;3.076645
3.106759;0.990446;1.298886;2.011146;1.865819;1.92445;1.413567;1.002282;2.35781;1.09509;1.562297;1.657973;2.654502
3.034459;0.974233;1.293695;1.922911;1.665761;1.840293;1.406343;0.831472;2.331842;1.080114;1.308219;1.554842;2.483467
2.915112;0.966845;1.277843;1.783653;1.616174;1.674362;1.346411;0.817504;2.016295;1.033726;1.302483;1.438707;2.003635
2.737552;0.96475;1.276576;1.628761;1.419946;1.178689;1.336559;0.741524;1.865018;0.973066;1.259364;1.357631;1.680936
2.365953;0.943583;1.267241;1.408691;1.233472;0.884684;1.147733;0.717476;1.769584;0.931134;1.113935;1.330253;1.364644
2.163674;0.904423;1.248178;1.355683;1.150162;0.672939;1.14018;0.712938;1.687881;0.878439;1.043869;1.310428;1.102451
2.159952;0.850318;1.247444;1.324648;1.149962;;1.113252;0.707831;1.635741;0.855294;1.024655;1.306162;0.770044
2.134966;0.845227;1.164753;1.277178;1.119621;;1.110296;0.684602;1.557996;0.795188;1.016426;1.29361;0.58555
1.834604;0.777303;1.13579;1.066671;0.991386;;1.089443;0.650147;1.548354;0.715144;0.925686;1.180887;0.376496
1.758849;0.770938;1.059674;1.005355;0.988786;;1.010301;0.617556;1.540169;0.711311;0.833144;1.177529;0.206291
1.75433;0.757936;1.042133;0.992937;0.858787;;0.994538;0.557963;1.505472;0.703148;0.829722;1.142053;0.133102
1.409046;0.73319;1.030119;0.95267;0.835994;;0.957265;0.554111;1.391113;0.688418;0.816355;1.108852;
1.332759;0.732984;1.029096;0.934872;0.670634;;0.903245;0.551461;1.378433;0.687029;0.790228;1.015641;
1.232018;0.700893;0.958655;0.897245;0.570278;;0.885922;0.542699;1.346871;0.630724;0.777112;0.980814;
1.163706;0.673015;0.936927;0.883171;0.545132;;0.873525;0.539984;1.335962;0.623054;0.773728;0.974908;
1.089811;0.665682;0.927579;0.867812;0.41014;;0.871883;0.517485;1.33139;0.619437;0.751639;0.966104;
;0.661467;0.887783;0.842658;0.390891;;0.848896;0.483969;1.295317;0.61029;0.735409;0.945955;
;0.642784;0.882797;0.787371;0.372435;;0.815235;0.468821;1.088003;0.556779;0.703776;0.897019;
;0.627079;0.878234;0.780644;0.353612;;0.81113;0.460437;1.069641;0.53141;0.641576;0.794047;
;0.597644;0.850389;0.744191;0.324991;;0.806533;0.460426;1.044454;0.523867;0.621597;0.764838;
;0.597371;0.766228;0.728417;0.250294;;0.80604;0.459332;1.001885;0.51944;0.61866;0.753744;
;0.541748;0.72841;0.700063;;;0.778455;0.45008;0.945523;0.501619;0.613955;0.738654;
;0.533386;0.698565;0.648262;;;0.778291;0.433474;0.843653;0.484239;0.581157;0.705372;
;0.531242;0.643782;0.596752;;;0.764991;0.422841;0.797559;0.453779;0.506717;0.698275;
;0.516536;0.625308;0.586945;;;0.74693;0.415807;0.751553;0.442851;0.500417;0.661282;
;0.516086;0.600245;0.568027;;;0.745452;0.410809;0.718595;0.442108;0.488622;0.640495;
;0.510086;0.592065;0.560334;;;0.73248;0.377731;0.677482;0.428471;0.452689;0.639807;
;0.509933;0.521943;0.496184;;;0.704239;0.369285;0.67677;0.42582;0.444266;0.639112;
;0.501748;0.493256;0.476519;;;0.651203;0.357801;0.62402;0.399044;0.436547;0.634861;
;0.47646;0.480743;0.460223;;;0.639874;0.342514;0.610925;0.388787;0.434552;0.628411;
;0.476066;0.454904;0.451712;;;0.628051;0.330585;0.399546;0.387428;0.424243;0.623405;
;0.46793;0.442539;0.449827;;;0.600959;0.325584;0.380786;0.373216;0.413549;0.575539;
;0.464076;0.405517;0.447335;;;0.597018;0.318981;0.369353;0.368228;0.40958;0.56559;
;0.462831;0.398469;0.43453;;;0.573867;0.315183;0.357932;0.366555;0.398365;0.551525;
;0.462588;0.384107;0.427015;;;0.547924;0.298778;0.337701;0.351966;0.395308;0.539119;
;0.430429;0.371485;0.419494;;;0.539221;0.296856;0.261324;0.332492;0.390548;0.521636;
;0.426447;0.345361;0.406639;;;0.527235;0.296756;;0.315357;0.369759;0.512161;
;0.42464;0.335414;0.392103;;;0.525921;0.279627;;0.312172;0.369586;0.508383;
;0.420271;0.332062;0.391844;;;0.523787;0.272758;;0.299622;0.366762;0.496543;
;0.412427;0.315125;0.391808;;;0.519682;0.262719;;0.286633;0.360955;0.495875;
;0.403074;0.311442;0.389291;;;0.507039;0.256361;;0.285618;0.357492;0.491649;
;0.401784;0.300457;0.387885;;;0.46993;0.255285;;0.274612;0.342266;0.479629;
;0.401774;0.286344;0.382944;;;0.463034;0.255182;;0.269609;0.335928;0.454546;
;0.398418;0.248362;0.366201;;;0.435038;0.254629;;0.267883;0.327149;0.441598;
;0.395252;0.233043;0.363895;;;0.424612;0.254084;;0.265742;0.320468;0.423188;
;0.387461;0.229923;0.356132;;;0.416977;0.252902;;0.255293;0.31616;0.410378;
;0.386425;0.223933;0.355378;;;0.385862;0.250376;;0.243619;0.302407;0.40773;
;0.374051;0.222217;0.337496;;;0.376502;0.247853;;0.243294;0.297668;0.387893;
;0.358976;0.213797;0.334668;;;0.37642;0.244533;;0.232977;0.294465;0.385501;
;0.346535;0.155471;0.333941;;;0.37248;0.242186;;0.232615;0.293142;0.370831;
;0.345895;0.131889;0.333331;;;0.356799;0.241168;;0.228335;0.287382;0.37005;
;0.34415;0.110578;0.326066;;;0.353022;0.236035;;0.228134;0.283637;0.362113;
;0.341982;0.088752;0.325597;;;0.347932;0.23366;;0.227807;0.272382;0.352329;
;0.339527;;0.325346;;;0.346783;0.227422;;0.225021;0.270691;0.351999;
;0.33924;;0.319308;;;0.345798;0.224882;;0.22336;0.266495;0.343712;
;0.332581;;0.316047;;;0.344813;0.223888;;0.222293;0.266207;0.339807;
;0.323824;;0.315365;;;0.342678;0.222637;;0.210598;0.255883;0.337348;
;0.304426;;0.314419;;;0.339066;0.214626;;0.205952;0.251459;0.331678;
;0.301717;;0.312642;;;0.335125;0.213316;;0.200328;0.251328;0.326777;
;0.295894;;0.31146;;;0.32905;0.211073;;0.193913;0.248007;0.319295;
;0.292346;;0.307911;;;0.322728;0.209661;;0.192125;0.246328;0.299059;
;0.287852;;0.304675;;;0.316817;0.201508;;0.188951;0.246064;0.295384;
;0.281579;;0.289638;;;0.312384;0.189861;;0.186581;0.244066;0.28993;
;0.278298;;0.286968;;;0.311316;0.186397;;0.176162;0.235633;0.277773;
;0.277482;;0.28123;;;0.307622;0.184495;;0.175946;0.217548;0.270329;
;0.275154;;0.278063;;;0.306555;0.18398;;0.173707;0.217427;0.250403;
;0.274592;;0.272531;;;0.305241;0.181847;;0.171798;0.217314;0.244938;
;0.268403;;0.272474;;;0.303107;0.178669;;0.171794;0.215947;0.240621;
;0.263656;;0.270928;;;0.302286;0.175054;;0.170439;0.197062;0.22805;
;0.261728;;0.266721;;;0.299494;0.174134;;0.166927;0.196931;0.228027;
;0.260884;;0.266197;;;0.296128;0.174031;;0.165163;0.195298;0.222545;
;0.259485;;0.261329;;;0.284635;0.173883;;0.164821;0.188659;0.215773;
;0.258173;;0.253349;;;0.283896;0.172526;;0.157458;0.18402;0.210713;
;0.257665;;0.247919;;;0.27782;0.170012;;0.151644;0.183664;0.206392;
;0.256807;;0.233793;;;0.27388;0.169936;;0.15028;0.18138;0.186829;
;0.251713;;0.230997;;;0.26058;0.16697;;0.149818;0.179713;0.18162;
;0.251538;;0.230262;;;0.257953;0.162963;;0.148083;0.179302;0.16394;
;0.250266;;0.22347;;;0.253519;0.162847;;0.145183;0.175811;0.150244;
;0.248509;;0.221571;;;0.248265;0.159772;;0.134673;0.174379;0.144687;
;0.246471;;0.209994;;;0.247937;0.159158;;0.134328;0.172205;0.143977;
;0.245982;;0.202677;;;0.236032;0.157797;;0.129522;0.170944;0.136037;
;0.244527;;0.193528;;;0.231106;0.157045;;0.129063;0.164856;0.107547;
;0.238004;;0.17542;;;0.211157;0.154715;;0.128884;0.159465;0.060951;
;0.233912;;0.173794;;;0.207708;0.152646;;0.128621;0.15707;0.045551;
;0.233463;;0.168985;;;0.203604;0.150542;;0.12779;0.152118;0.037954;
;0.233017;;0.141617;;;0.203111;0.146854;;0.127615;0.152052;0.010696;
;0.232609;;0.093986;;;0.202454;0.145432;;0.127475;0.15005;;
;0.229139;;;;;0.202454;0.145095;;0.125323;0.147283;;
;0.225495;;;;;0.201141;0.144789;;0.124157;0.146414;;
;0.221585;;;;;0.200155;0.144693;;0.120778;0.143018;;
;0.221217;;;;;0.196707;0.144572;;0.119848;0.139778;;
;0.219126;;;;;0.193834;0.143793;;0.116937;0.136641;;
;0.218218;;;;;0.191781;0.143749;;0.116473;0.135744;;
;0.212559;;;;;0.190139;0.143564;;0.115651;0.135322;;
;0.211745;;;;;0.189318;0.141821;;0.114459;0.134717;;
;0.209847;;;;;0.183613;0.141109;;0.113621;0.132196;;
;0.209646;;;;;0.182751;0.140987;;0.113088;0.131225;;
;0.20493;;;;;0.182422;0.140963;;0.111982;0.130983;;
;0.204689;;;;;0.182258;0.138728;;0.110665;0.130402;;
;0.20243;;;;;0.177365;0.135252;;0.109565;0.130246;;
;0.200596;;;;;0.176347;0.134623;;0.108401;0.130035;;
;0.198467;;;;;0.17372;0.133272;;0.106696;0.129185;;
;0.196468;;;;;0.172242;0.132875;;0.10658;0.128609;;
;0.196081;;;;;0.171667;0.131743;;0.106199;0.126624;;
;0.195531;;;;;0.170436;0.130751;;0.105452;0.12496;;
;0.193617;;;;;0.168383;0.130638;;0.104971;0.124841;;
;0.192856;;;;;0.16753;0.129966;;0.103771;0.124192;;
;0.192754;;;;;0.166495;0.129808;;0.103001;0.122403;;
;0.192671;;;;;0.16551;0.129688;;0.102853;0.1223;;
;0.191391;;;;;0.152703;0.128339;;0.102378;0.121965;;
;0.190855;;;;;0.150683;0.128002;;0.102306;0.118763;;
;0.190174;;;;;0.149665;0.125647;;0.102135;0.117856;;
;0.187685;;;;;0.147448;0.124849;;0.100706;0.117776;;
;0.187241;;;;;0.143261;0.123737;;0.100342;0.116674;;
;0.186473;;;;;0.142687;0.122895;;0.098661;0.115429;;
;0.185573;;;;;0.141702;0.122814;;0.098383;0.11504;;
;0.184501;;;;;0.136365;0.122782;;0.096676;0.113735;;
;0.184194;;;;;0.136119;0.12141;;0.0957;0.111608;;
;0.18404;;;;;0.135561;0.118468;;0.093999;0.107368;;
;0.181902;;;;;0.134846;0.118344;;0.092659;0.106944;;
;0.176943;;;;;0.1307;0.117522;;0.09242;0.106853;;
;0.176144;;;;;0.129387;0.11562;;0.092102;0.10602;;
;0.174386;;;;;0.127909;0.115254;;0.091376;0.10363;;
;0.17333;;;;;0.127745;0.115088;;0.090215;0.103605;;
;0.172888;;;;;0.127252;0.114936;;0.089985;0.103285;;
;0.165821;;;;;0.125939;0.114425;;0.08891;0.102997;;
;0.164421;;;;;0.125873;0.113971;;0.088735;0.102746;;
;0.161945;;;;;0.12561;0.112515;;0.087984;0.102517;;
;0.16177;;;;;0.125446;0.111535;;0.087869;0.102096;;
;0.160163;;;;;0.124461;0.111061;;0.08786;0.101749;;
;0.158438;;;;;0.122819;0.108106;;0.087849;0.101412;;
;0.154033;;;;;0.119535;0.107309;;0.087567;0.100896;;
;0.150929;;;;;0.115266;0.10677;;0.087535;0.09704;;
;0.150399;;;;;0.112639;0.106177;;0.087086;0.092475;;
;0.150355;;;;;0.111654;0.106163;;0.086721;0.088684;;
;0.150142;;;;;0.111407;0.105588;;0.085383;0.088145;;
;0.149689;;;;;0.111112;0.104623;;0.085322;0.086085;;
;0.149491;;;;;0.108534;0.104548;;0.084955;0.085761;;
;0.149111;;;;;0.107713;0.104488;;0.084176;0.084605;;
;0.149021;;;;;0.107352;0.103576;;0.082053;0.084575;;
;0.148992;;;;;0.105086;0.102585;;0.08193;0.084258;;
;0.148015;;;;;0.103772;0.102476;;0.081779;0.083431;;
;0.147971;;;;;0.102459;0.102043;;0.081743;0.083351;;
;0.147746;;;;;0.098567;0.101881;;0.08119;0.081936;;
;0.147693;;;;;0.098518;0.099695;;0.080874;0.079107;;
;0.147546;;;;;0.096876;0.099119;;0.080712;0.077788;;
;0.146451;;;;;0.095398;0.098189;;0.079299;0.076962;;
;0.146012;;;;;0.092935;0.097715;;0.078959;0.074106;;
;0.145494;;;;;0.09195;0.097454;;0.07811;0.074033;;
;0.14525;;;;;0.087894;0.097448;;0.078007;0.072233;;
;0.144394;;;;;0.087517;0.097376;;0.077812;0.072083;;
;0.144369;;;;;0.085054;0.095402;;0.077751;0.069595;;
;0.144349;;;;;0.081975;0.095336;;0.076996;0.069015;;
;0.144117;;;;;0.08108;0.094405;;0.076492;0.067156;;
;0.143932;;;;;0.080456;0.094354;;0.076031;0.066986;;
;0.142625;;;;;0.080062;0.094339;;0.075328;0.066205;;
;0.140507;;;;;0.075612;0.093584;;0.074728;0.065623;;
;0.14046;;;;;0.074709;0.09334;;0.074378;0.065605;;
;0.140131;;;;;0.073823;0.090788;;0.073293;0.065464;;
;0.139019;;;;;0.072673;0.090083;;0.07217;0.064031;;
;0.135247;;;;;0.072082;0.089873;;0.07166;0.061933;;
;0.133512;;;;;0.071261;0.089563;;0.070101;0.061113;;
;0.132962;;;;;0.070802;0.088939;;0.069756;0.060902;;
;0.130646;;;;;0.069948;0.088527;;0.068745;0.06081;;
;0.130368;;;;;0.06957;0.088447;;0.068444;0.060653;;
;0.129947;;;;;0.067813;0.088396;;0.067375;0.060189;;
;0.129464;;;;;0.06535;0.088383;;0.067182;0.059535;;
;0.129181;;;;;0.065104;0.088142;;0.067105;0.059263;;
;0.125876;;;;;0.064496;0.08723;;0.066573;0.058802;;
;0.125102;;;;;0.063462;0.086812;;0.066503;0.056945;;
;0.124948;;;;;0.06338;0.086675;;0.065892;0.05692;;
;0.122248;;;;;0.062969;0.085935;;0.065598;0.056842;;
;0.122116;;;;;0.056155;0.08504;;0.064187;0.056687;;
;0.121107;;;;;0.055334;0.084877;;0.063435;0.055316;;
;0.119646;;;;;0.055252;0.084687;;0.062588;0.055256;;
;0.11888;;;;;0.052214;0.084205;;0.062127;0.055085;;
;0.118598;;;;;0.049998;0.083834;;0.061246;0.051443;;
;0.118488;;;;;0.049538;0.08358;;0.061084;0.049282;;
;0.11729;;;;;0.048569;0.083569;;0.061055;0.049185;;
;0.117174;;;;;0.048307;0.083024;;0.06084;0.048661;;
;0.116678;;;;;0.047256;0.081858;;0.060239;0.048064;;
;0.113497;;;;;0.0465;0.081741;;0.060134;0.047793;;
;0.11245;;;;;0.043578;0.080391;;0.059772;0.047494;;
;0.110795;;;;;0.041887;0.080035;;0.059411;0.047318;;
;0.110439;;;;;0.038094;0.07998;;0.059278;0.047249;;
;0.110382;;;;;0.038077;0.079892;;0.059039;0.046838;;
;0.110234;;;;;0.037798;0.079007;;0.058993;0.046165;;
;0.109268;;;;;0.035409;0.078992;;0.058455;0.04605;;
;0.108647;;;;;0.03522;0.078851;;0.058369;0.045981;;
;0.108439;;;;;0.032544;0.078788;;0.058231;0.045319;;
;0.10809;;;;;0.032347;0.07861;;0.058129;0.044801;;
;0.107839;;;;;0.032347;0.078603;;0.057723;0.044734;;
;0.107653;;;;;0.031345;0.078424;;0.057379;0.044722;;
;0.106432;;;;;0.029572;0.077866;;0.056323;0.044152;;
;0.106411;;;;;0.0277;0.077819;;0.056298;0.044073;;
;0.105797;;;;;0.02747;0.077618;;0.055676;0.044;;
;0.105539;;;;;0.027051;0.077354;;0.055653;0.042855;;
;0.103594;;;;;0.026994;0.076835;;0.055466;0.042337;;
;0.103423;;;;;0.026583;0.075995;;0.055278;0.042317;;
;0.103372;;;;;0.025032;0.075513;;0.054911;0.041569;;
;0.103338;;;;;0.02307;0.075498;;0.054872;0.041197;;
;0.102602;;;;;0.021838;0.07542;;0.054689;0.041164;;
;0.1017;;;;;0.019424;0.075163;;0.054336;0.039892;;
;0.101636;;;;;0.016617;0.074661;;0.053668;0.039574;;
;0.101628;;;;;0.0166;0.074463;;0.052352;0.039496;;
;0.1016;;;;;0.013891;0.074337;;0.0513;0.039434;;
;0.1013;;;;;0.011494;0.074067;;0.050991;0.038202;;
;0.100105;;;;;0.010131;0.073907;;0.050948;0.038168;;
;0.100098;;;;;0.008801;0.073767;;0.050928;0.038076;;
;0.100081;;;;;0.008637;0.073569;;0.05084;0.037868;;
;0.099476;;;;;0.006535;0.073275;;0.05072;0.037834;;
;0.097472;;;;;;0.073119;;0.050666;0.037797;;
;0.097275;;;;;;0.072872;;0.050666;0.037743;;
;0.095186;;;;;;0.072846;;0.050396;0.037615;;
;0.094075;;;;;;0.072836;;0.050378;0.037611;;
;0.094071;;;;;;0.072158;;0.04983;0.037412;;
;0.09388;;;;;;0.071708;;0.04883;0.036878;;
;0.093616;;;;;;0.070895;;0.048827;0.036383;;
;0.093425;;;;;;0.070667;;0.048504;0.035996;;
;0.092337;;;;;;0.070526;;0.048335;0.035827;;
;0.091544;;;;;;0.070519;;0.047953;0.035776;;
;0.091367;;;;;;0.070136;;0.04795;0.035575;;
;0.09123;;;;;;0.06988;;0.047389;0.035424;;
;0.091017;;;;;;0.06936;;0.047232;0.035347;;
;0.090925;;;;;;0.069296;;0.046868;0.035056;;
;0.090894;;;;;;0.069256;;0.04669;0.034677;;
;0.090707;;;;;;0.0692;;0.046432;0.034378;;
;0.090384;;;;;;0.068398;;0.046197;0.032989;;
;0.089004;;;;;;0.068372;;0.046017;0.032742;;
;0.088227;;;;;;0.068242;;0.045979;0.032671;;
;0.0881;;;;;;0.067531;;0.045667;0.032465;;
;0.087902;;;;;;0.067098;;0.045627;0.032089;;
;0.087872;;;;;;0.066584;;0.045268;0.032058;;
;0.087275;;;;;;0.066512;;0.045251;0.031979;;
;0.086408;;;;;;0.066396;;0.044859;0.031681;;
;0.086284;;;;;;0.066226;;0.044785;0.031461;;
;0.086079;;;;;;0.065882;;0.044573;0.03127;;
;0.085181;;;;;;0.065768;;0.044015;0.030001;;
;0.085043;;;;;;0.0657;;0.043874;0.029911;;
;0.085004;;;;;;0.065519;;0.043278;0.02987;;
;0.083565;;;;;;0.065454;;0.042978;0.029752;;
;0.083509;;;;;;0.064995;;0.042937;0.029732;;
;0.083406;;;;;;0.064506;;0.042864;0.029556;;
;0.083345;;;;;;0.064173;;0.042473;0.029234;;
;0.083289;;;;;;0.06387;;0.042295;0.029051;;
;0.082964;;;;;;0.0633;;0.041801;0.029049;;
;0.08242;;;;;;0.063112;;0.041759;0.028416;;
;0.081958;;;;;;0.063089;;0.040839;0.028294;;
;0.081715;;;;;;0.063056;;0.040707;0.028228;;
;0.081685;;;;;;0.062772;;0.040684;0.027727;;
;0.081323;;;;;;0.06241;;0.040025;0.027437;;
;0.081306;;;;;;0.061868;;0.03997;0.027201;;
;0.08107;;;;;;0.061833;;0.039854;0.026966;;
;0.080648;;;;;;0.061652;;0.039819;0.026833;;
;0.080566;;;;;;0.061374;;0.039784;0.026739;;
;0.080546;;;;;;0.061219;;0.039759;0.026459;;
;0.080329;;;;;;0.061201;;0.039619;0.026426;;
;0.080004;;;;;;0.061065;;0.039486;0.026264;;
;0.079918;;;;;;0.060761;;0.039028;0.026145;;
;0.079703;;;;;;0.060676;;0.038913;0.026141;;
;0.078667;;;;;;0.060148;;0.03888;0.026137;;
;0.077508;;;;;;0.060113;;0.038858;0.026114;;
;0.077198;;;;;;0.060111;;0.038773;0.025863;;
;0.076923;;;;;;0.059912;;0.038659;0.025774;;
;0.076824;;;;;;0.059857;;0.038334;0.025681;;
;0.076041;;;;;;0.059705;;0.038292;0.025665;;
;0.076013;;;;;;0.059664;;0.038017;0.025629;;
;0.075455;;;;;;0.059142;;0.037993;0.025493;;
;0.074877;;;;;;0.058721;;0.037859;0.024643;;
;0.074723;;;;;;0.058702;;0.037296;0.024397;;
;0.074657;;;;;;0.058343;;0.037033;0.024375;;
;0.074652;;;;;;0.057869;;0.037029;0.024373;;
;0.074373;;;;;;0.057868;;0.036999;0.024201;;
;0.073527;;;;;;0.057839;;0.036835;0.024085;;
;0.073365;;;;;;0.057829;;0.036722;0.024085;;
;0.073304;;;;;;0.057612;;0.036369;0.023959;;
;0.073066;;;;;;0.057576;;0.036151;0.023624;;
;0.072188;;;;;;0.056794;;0.036028;0.023624;;
;0.072007;;;;;;0.056373;;0.035894;0.023611;;
;0.07125;;;;;;0.056238;;0.035588;0.022999;;
;0.070779;;;;;;0.056224;;0.03547;0.022921;;
;0.070364;;;;;;0.056117;;0.035453;0.022742;;
;0.070006;;;;;;0.056042;;0.035326;0.022738;;
;0.069771;;;;;;0.055831;;0.035133;0.022645;;
;0.069491;;;;;;0.055765;;0.034724;0.022407;;
;0.068892;;;;;;0.055185;;0.034649;0.022311;;
;0.068355;;;;;;0.054802;;0.034632;0.022302;;
;0.06831;;;;;;0.054673;;0.034294;0.022013;;
;0.068307;;;;;;0.053789;;0.034285;0.021967;;
;0.067255;;;;;;0.053732;;0.034108;0.021918;;
;0.067192;;;;;;0.053561;;0.034098;0.021859;;
;0.066911;;;;;;0.053531;;0.034021;0.021677;;
;0.066902;;;;;;0.053341;;0.033981;0.021598;;
;0.066088;;;;;;0.053214;;0.033829;0.021581;;
;0.065329;;;;;;0.053095;;0.033424;0.021383;;
;0.065247;;;;;;0.053059;;0.033355;0.020725;;
;0.064936;;;;;;0.053024;;0.033272;0.020614;;
;0.064861;;;;;;0.052969;;0.033197;0.020571;;
;0.064735;;;;;;0.052844;;0.032713;0.020536;;
;0.063861;;;;;;0.052706;;0.032583;0.020454;;
;0.063815;;;;;;0.052514;;0.032572;0.020413;;
;0.063781;;;;;;0.052482;;0.032422;0.020184;;
;0.063775;;;;;;0.052306;;0.032251;0.020167;;
;0.063762;;;;;;0.052273;;0.032224;0.019884;;
;0.063605;;;;;;0.052157;;0.031733;0.019793;;
;0.063565;;;;;;0.052116;;0.031274;0.01979;;
;0.063212;;;;;;0.052101;;0.031186;0.019775;;
;0.062724;;;;;;0.052013;;0.031083;0.019706;;
;0.062714;;;;;;0.051921;;0.031023;0.019678;;
;0.06265;;;;;;0.051781;;0.030873;0.019461;;
;0.06222;;;;;;0.051721;;0.030764;0.019362;;
;0.061633;;;;;;0.051666;;0.030742;0.019259;;
;0.061279;;;;;;0.051111;;0.029976;0.019245;;
;0.061193;;;;;;0.050789;;0.029447;0.019176;;
;0.061121;;;;;;0.050725;;0.029271;0.019015;;
;0.060956;;;;;;0.050488;;0.02924;0.018603;;
;0.060818;;;;;;0.050349;;0.029186;0.018475;;
;0.060814;;;;;;0.050312;;0.029171;0.018365;;
;0.060547;;;;;;0.050169;;0.029155;0.018323;;
;0.060386;;;;;;0.050103;;0.028953;0.017959;;
;0.060319;;;;;;0.050032;;0.028818;0.017849;;
;0.060241;;;;;;0.050021;;0.028427;0.017805;;
;0.0602;;;;;;0.049874;;0.028295;0.01779;;
;0.060171;;;;;;0.049649;;0.028276;0.01738;;
;0.060039;;;;;;0.049214;;0.0282;0.017276;;
;0.059893;;;;;;0.04859;;0.028184;0.017086;;
;0.059871;;;;;;0.048213;;0.02804;0.017056;;
;0.059777;;;;;;0.048072;;0.027968;0.016915;;
;0.059751;;;;;;0.048026;;0.027841;0.016842;;
;0.05913;;;;;;0.047779;;0.027807;0.016792;;
;0.059119;;;;;;0.047741;;0.027773;0.01665;;
;0.059049;;;;;;0.047721;;0.027723;0.016595;;
;0.058836;;;;;;0.047668;;0.027676;0.01646;;
;0.057678;;;;;;0.047104;;0.027613;0.016455;;
;0.05767;;;;;;0.04686;;0.02738;0.01618;;
;0.057155;;;;;;0.046119;;0.027346;0.016163;;
;0.056977;;;;;;0.045745;;0.027316;0.016096;;
;0.056495;;;;;;0.045654;;0.027287;0.016002;;
;0.056476;;;;;;0.045644;;0.026908;0.01582;;
;0.056208;;;;;;0.045571;;0.026778;0.015797;;
;0.056152;;;;;;0.045217;;0.026774;0.015782;;
;0.056148;;;;;;0.044699;;0.026243;0.015758;;
;0.056037;;;;;;0.044666;;0.026225;0.01573;;
;0.055917;;;;;;0.044365;;0.02613;0.015625;;
;0.055669;;;;;;0.043862;;0.026103;0.01535;;
;0.055546;;;;;;0.043838;;0.02609;0.01535;;
;0.05459;;;;;;0.043759;;0.026055;0.015008;;
;0.054543;;;;;;0.043733;;0.02604;0.014984;;
;0.054429;;;;;;0.043662;;0.026008;0.014953;;
;0.054407;;;;;;0.043549;;0.025736;0.014895;;
;0.053772;;;;;;0.04337;;0.025658;0.014748;;
;0.053757;;;;;;0.043366;;0.025612;0.014633;;
;0.053743;;;;;;0.043327;;0.025608;0.014529;;
;0.053707;;;;;;0.043219;;0.025589;0.01452;;
;0.053022;;;;;;0.043142;;0.02546;0.014359;;
;0.052932;;;;;;0.043114;;0.025315;0.01435;;
;0.052702;;;;;;0.043022;;0.025292;0.014075;;
;0.052468;;;;;;0.042707;;0.025254;0.014036;;
;0.052409;;;;;;0.042601;;0.025199;0.014002;;
;0.052375;;;;;;0.042451;;0.025153;0.013829;;
;0.052176;;;;;;0.042378;;0.025146;0.013829;;
;0.052009;;;;;;0.042357;;0.025002;0.013649;;
;0.051993;;;;;;0.042342;;0.024957;0.013557;;
;0.051931;;;;;;0.042262;;0.024819;0.013483;;
;0.051724;;;;;;0.042121;;0.024756;0.013146;;
;0.051311;;;;;;0.042119;;0.02474;0.013137;;
;0.051195;;;;;;0.042105;;0.02459;0.013051;;
;0.050845;;;;;;0.042049;;0.024479;0.012906;;
;0.050831;;;;;;0.041407;;0.024477;0.012869;;
;0.050748;;;;;;0.041358;;0.024361;0.012858;;
;0.050548;;;;;;0.041232;;0.024259;0.012792;;
;0.05036;;;;;;0.041044;;0.024247;0.012725;;
;0.050242;;;;;;0.040843;;0.024153;0.012476;;
;0.049944;;;;;;0.040749;;0.024084;0.012446;;
;0.049876;;;;;;0.040726;;0.02397;0.012444;;
;0.049695;;;;;;0.040713;;0.023924;0.012342;;
;0.049477;;;;;;0.040701;;0.023899;0.012275;;
;0.049355;;;;;;0.040557;;0.023599;0.012236;;
;0.048383;;;;;;0.040301;;0.023403;0.012223;;
;0.048251;;;;;;0.04018;;0.023368;0.012201;;
;0.048167;;;;;;0.040151;;0.023284;0.0121;;
;0.047939;;;;;;0.039874;;0.022898;0.012014;;
;0.047559;;;;;;0.03977;;0.022889;0.01188;;
;0.046984;;;;;;0.039619;;0.022884;0.011806;;
;0.046778;;;;;;0.039462;;0.022881;0.01176;;
;0.046431;;;;;;0.039427;;0.022828;0.011694;;
;0.046083;;;;;;0.039372;;0.022501;0.011674;;
;0.045796;;;;;;0.03927;;0.022493;0.011663;;
;0.045721;;;;;;0.039057;;0.022417;0.01164;;
;0.045407;;;;;;0.038978;;0.022398;0.011639;;
;0.04537;;;;;;0.038945;;0.022121;0.011258;;
;0.045175;;;;;;0.038944;;0.022;0.011237;;
;0.044791;;;;;;0.038688;;0.021973;0.011205;;
;0.044773;;;;;;0.038626;;0.021881;0.0112;;
;0.044303;;;;;;0.038568;;0.021817;0.011199;;
;0.044237;;;;;;0.038408;;0.021656;0.011197;;
;0.044222;;;;;;0.038319;;0.021563;0.011147;;
;0.044212;;;;;;0.038191;;0.021535;0.011128;;
;0.044032;;;;;;0.038178;;0.021424;0.011069;;
;0.043891;;;;;;0.038075;;0.021342;0.01099;;
;0.043834;;;;;;0.038032;;0.021314;0.010946;;
;0.043819;;;;;;0.03801;;0.021299;0.010897;;
;0.043591;;;;;;0.037988;;0.021171;0.010873;;
;0.043466;;;;;;0.037873;;0.021138;0.010842;;
;0.043443;;;;;;0.037563;;0.021007;0.010804;;
;0.043236;;;;;;0.037467;;0.020912;0.010663;;
;0.043228;;;;;;0.037416;;0.020694;0.010481;;
;0.043187;;;;;;0.037396;;0.020686;0.010233;;
;0.042954;;;;;;0.037305;;0.020648;0.010099;;
;0.042754;;;;;;0.036788;;0.020592;0.010073;;
;0.042677;;;;;;0.036706;;0.02035;0.010014;;
;0.042623;;;;;;0.036669;;0.020167;0.009888;;
;0.041889;;;;;;0.036656;;0.020091;0.00986;;
;0.041878;;;;;;0.036653;;0.020089;0.009801;;
;0.041874;;;;;;0.036582;;0.020064;0.0098;;
;0.041395;;;;;;0.036549;;0.020054;0.009751;;
;0.041027;;;;;;0.036515;;0.020037;0.009738;;
;0.040889;;;;;;0.036494;;0.019974;0.00973;;
;0.040858;;;;;;0.036395;;0.019849;0.009623;;
;0.040201;;;;;;0.036336;;0.019653;0.009529;;
;0.040098;;;;;;0.036279;;0.019572;0.009521;;
;0.039651;;;;;;0.036207;;0.019568;0.009404;;
;0.039021;;;;;;0.036036;;0.019496;0.009317;;
;0.038938;;;;;;0.035972;;0.019446;0.009284;;
;0.038914;;;;;;0.035929;;0.019304;0.009178;;
;0.03884;;;;;;0.035706;;0.019267;0.00902;;
;0.038538;;;;;;0.035659;;0.01924;0.00892;;
;0.038086;;;;;;0.03561;;0.01921;0.008907;;
;0.03799;;;;;;0.035559;;0.019146;0.008802;;
;0.037922;;;;;;0.035434;;0.019141;0.008784;;
;0.037581;;;;;;0.035354;;0.019055;0.008777;;
;0.037525;;;;;;0.035297;;0.018981;0.008701;;
;0.03668;;;;;;0.035204;;0.018935;0.008622;;
;0.036594;;;;;;0.035166;;0.018925;0.00862;;
;0.036064;;;;;;0.035108;;0.018915;0.008554;;
;0.035931;;;;;;0.035059;;0.018913;0.008512;;
;0.035879;;;;;;0.034995;;0.018852;0.008355;;
;0.035862;;;;;;0.034977;;0.018838;0.008313;;
;0.035778;;;;;;0.034829;;0.01875;0.008241;;
;0.035081;;;;;;0.034799;;0.01851;0.008203;;
;0.035019;;;;;;0.034781;;0.018497;0.008062;;
;0.034759;;;;;;0.034753;;0.018436;0.00805;;
;0.034621;;;;;;0.034579;;0.018272;0.008009;;
;0.034593;;;;;;0.034458;;0.018267;0.007938;;
;0.034486;;;;;;0.034283;;0.018239;0.007842;;
;0.034021;;;;;;0.034167;;0.018209;0.007837;;
;0.033771;;;;;;0.034163;;0.018121;0.007744;;
;0.033733;;;;;;0.034158;;0.018099;0.007638;;
;0.033379;;;;;;0.034006;;0.018054;0.007606;;
;0.032589;;;;;;0.033904;;0.018015;0.007524;;
;0.032577;;;;;;0.033872;;0.017988;0.007439;;
;0.032449;;;;;;0.033848;;0.017852;0.007399;;
;0.031928;;;;;;0.033819;;0.017842;0.007347;;
;0.031923;;;;;;0.033736;;0.017825;0.007295;;
;0.031879;;;;;;0.033634;;0.017754;0.00728;;
;0.031514;;;;;;0.03351;;0.017726;0.007274;;
;0.030627;;;;;;0.033274;;0.017702;0.007203;;
;0.030531;;;;;;0.032964;;0.017633;0.007069;;
;0.030418;;;;;;0.032896;;0.01762;0.007037;;
;0.029728;;;;;;0.032778;;0.017606;0.007001;;
;0.028844;;;;;;0.032773;;0.017554;0.006984;;
;0.028689;;;;;;0.032696;;0.017524;0.006942;;
;0.028528;;;;;;0.032608;;0.017477;0.00693;;
;0.028307;;;;;;0.032599;;0.017461;0.006914;;
;0.028083;;;;;;0.032585;;0.017328;0.006752;;
;0.027202;;;;;;0.032559;;0.017327;0.006728;;
;0.026575;;;;;;0.032485;;0.017135;0.006707;;
;0.026402;;;;;;0.032418;;0.017118;0.006688;;
;0.026148;;;;;;0.032399;;0.017005;0.0066;;
;0.025784;;;;;;0.03238;;0.016962;0.006562;;
;0.025499;;;;;;0.032359;;0.016917;0.00653;;
;0.025488;;;;;;0.0323;;0.0169;0.006503;;
;0.025238;;;;;;0.032142;;0.016865;0.00642;;
;0.024231;;;;;;0.032127;;0.016834;0.00638;;
;0.024152;;;;;;0.032111;;0.01675;0.006309;;
;0.024073;;;;;;0.031746;;0.016707;0.006307;;
;0.02397;;;;;;0.031709;;0.016704;0.006223;;
;0.023844;;;;;;0.031709;;0.016697;0.006206;;
;0.022838;;;;;;0.031622;;0.016683;0.006179;;
;0.022691;;;;;;0.031597;;0.016414;0.006171;;
;0.022347;;;;;;0.031568;;0.016313;0.006108;;
;0.022174;;;;;;0.031466;;0.016084;0.006098;;
;0.02202;;;;;;0.031361;;0.016059;0.00605;;
;0.02176;;;;;;0.031358;;0.016057;0.005971;;
;0.021682;;;;;;0.03132;;0.016053;0.005946;;
;0.021181;;;;;;0.031007;;0.016045;0.005896;;
;0.021087;;;;;;0.03079;;0.015962;0.005866;;
;0.016818;;;;;;0.030774;;0.015962;0.005845;;
;0.015911;;;;;;0.030421;;0.015864;0.005733;;
;0.014894;;;;;;0.030335;;0.015781;0.005539;;
;0.007314;;;;;;0.030322;;0.015611;0.005487;;
;;;;;;;0.030305;;0.015549;0.005428;;
;;;;;;;0.030291;;0.015503;0.005427;;
;;;;;;;0.030112;;0.015475;0.005238;;
;;;;;;;0.030032;;0.015439;0.005133;;
;;;;;;;0.029921;;0.015338;0.005131;;
;;;;;;;0.029872;;0.015215;0.004978;;
;;;;;;;0.029769;;0.015205;0.004961;;
;;;;;;;0.029692;;0.015148;0.004855;;
;;;;;;;0.029552;;0.015148;0.004688;;
;;;;;;;0.029396;;0.015126;0.004627;;
;;;;;;;0.029295;;0.015057;0.004609;;
;;;;;;;0.029252;;0.015052;0.004604;;
;;;;;;;0.029224;;0.014984;0.004598;;
;;;;;;;0.029117;;0.014903;0.004486;;
;;;;;;;0.029052;;0.014874;0.004481;;
;;;;;;;0.02905;;0.014729;0.004456;;
;;;;;;;0.028838;;0.014668;0.004435;;
;;;;;;;0.028666;;0.014606;0.004376;;
;;;;;;;0.028616;;0.014408;0.00433;;
;;;;;;;0.028555;;0.014262;0.004221;;
;;;;;;;0.028498;;0.014236;0.004147;;
;;;;;;;0.02838;;0.014192;0.004145;;
;;;;;;;0.028265;;0.014155;0.004105;;
;;;;;;;0.028028;;0.014118;0.004056;;
;;;;;;;0.028004;;0.01411;0.004033;;
;;;;;;;0.027997;;0.014083;0.004031;;
;;;;;;;0.027726;;0.014055;0.003916;;
;;;;;;;0.027703;;0.01389;0.0039;;
;;;;;;;0.027643;;0.013832;0.003745;;
;;;;;;;0.027485;;0.01381;0.003657;;
;;;;;;;0.02746;;0.013808;0.003651;;
;;;;;;;0.027344;;0.013805;0.003637;;
;;;;;;;0.027296;;0.013778;0.003608;;
;;;;;;;0.027295;;0.013762;0.003579;;
;;;;;;;0.027129;;0.013648;0.003527;;
;;;;;;;0.027112;;0.013621;0.003521;;
;;;;;;;0.027033;;0.013599;0.0035;;
;;;;;;;0.027031;;0.013571;0.003448;;
;;;;;;;0.027021;;0.013557;0.00344;;
;;;;;;;0.026974;;0.013501;0.003425;;
;;;;;;;0.02695;;0.013469;0.003423;;
;;;;;;;0.026943;;0.013261;0.003416;;
;;;;;;;0.026898;;0.013042;0.003241;;
;;;;;;;0.0268;;0.01303;0.003167;;
;;;;;;;0.026737;;0.012993;0.003122;;
;;;;;;;0.026645;;0.012925;0.003112;;
;;;;;;;0.026604;;0.012897;0.003079;;
;;;;;;;0.02659;;0.012895;0.003039;;
;;;;;;;0.026547;;0.01289;0.002977;;
;;;;;;;0.026365;;0.012856;0.002893;;
;;;;;;;0.026336;;0.012829;0.002875;;
;;;;;;;0.026334;;0.012805;0.002788;;
;;;;;;;0.026325;;0.012802;0.002548;;
;;;;;;;0.026316;;0.012725;0.002334;;
;;;;;;;0.026195;;0.012717;0.002272;;
;;;;;;;0.026193;;0.01271;0.002085;;
;;;;;;;0.026138;;0.012699;0.002047;;
;;;;;;;0.026106;;0.012482;0.002032;;
;;;;;;;0.025968;;0.01248;0.001978;;
;;;;;;;0.025838;;0.012319;0.001948;;
;;;;;;;0.025828;;0.012315;0.00194;;
;;;;;;;0.025798;;0.012275;0.001844;;
;;;;;;;0.025769;;0.01224;0.001724;;
;;;;;;;0.025674;;0.012174;0.001676;;
;;;;;;;0.025563;;0.012122;0.001639;;
;;;;;;;0.025497;;0.012087;0.001613;;
;;;;;;;0.025452;;0.012082;0.001567;;
;;;;;;;0.025347;;0.012024;0.001556;;
;;;;;;;0.025336;;0.011776;0.001434;;
;;;;;;;0.025318;;0.011723;0.001431;;
;;;;;;;0.025279;;0.011708;0.00142;;
;;;;;;;0.025243;;0.011634;0.001394;;
;;;;;;;0.025066;;0.011623;0.001344;;
;;;;;;;0.025045;;0.01159;0.001312;;
;;;;;;;0.024992;;0.01157;0.001309;;
;;;;;;;0.024988;;0.011561;0.001183;;
;;;;;;;0.024925;;0.011482;0.000913;;
;;;;;;;0.024771;;0.011477;;;
;;;;;;;0.024758;;0.011471;;;
;;;;;;;0.024732;;0.011449;;;
;;;;;;;0.024693;;0.011403;;;
;;;;;;;0.024619;;0.011399;;;
;;;;;;;0.024599;;0.011395;;;
;;;;;;;0.024497;;0.011359;;;
;;;;;;;0.024493;;0.01131;;;
;;;;;;;0.024402;;0.011308;;;
;;;;;;;0.024336;;0.011259;;;
;;;;;;;0.024167;;0.011162;;;
;;;;;;;0.024147;;0.01114;;;
;;;;;;;0.024108;;0.011072;;;
;;;;;;;0.024104;;0.011025;;;
;;;;;;;0.024078;;0.011022;;;
;;;;;;;0.024045;;0.010995;;;
;;;;;;;0.023898;;0.010968;;;
;;;;;;;0.02379;;0.010844;;;
;;;;;;;0.02378;;0.010826;;;
;;;;;;;0.023761;;0.010742;;;
;;;;;;;0.023719;;0.01073;;;
;;;;;;;0.023715;;0.010715;;;
;;;;;;;0.023678;;0.010426;;;
;;;;;;;0.023675;;0.010421;;;
;;;;;;;0.023648;;0.010403;;;
;;;;;;;0.02364;;0.01038;;;
;;;;;;;0.023582;;0.010328;;;
;;;;;;;0.023538;;0.010326;;;
;;;;;;;0.023437;;0.010313;;;
;;;;;;;0.023344;;0.010312;;;
;;;;;;;0.023337;;0.010306;;;
;;;;;;;0.023337;;0.010282;;;
;;;;;;;0.02332;;0.010278;;;
;;;;;;;0.023184;;0.010253;;;
;;;;;;;0.023159;;0.010219;;;
;;;;;;;0.023142;;0.010215;;;
;;;;;;;0.023136;;0.010192;;;
;;;;;;;0.023056;;0.010104;;;
;;;;;;;0.023056;;0.010103;;;
;;;;;;;0.022984;;0.010099;;;
;;;;;;;0.02298;;0.010073;;;
;;;;;;;0.022903;;0.010059;;;
;;;;;;;0.022777;;0.010052;;;
;;;;;;;0.022681;;0.010018;;;
;;;;;;;0.02263;;0.00991;;;
;;;;;;;0.022598;;0.009881;;;
;;;;;;;0.022564;;0.009872;;;
;;;;;;;0.022527;;0.00986;;;
;;;;;;;0.022503;;0.009848;;;
;;;;;;;0.022416;;0.009836;;;
;;;;;;;0.022363;;0.009835;;;
;;;;;;;0.022268;;0.009822;;;
;;;;;;;0.022268;;0.009799;;;
;;;;;;;0.022121;;0.009769;;;
;;;;;;;0.022024;;0.009763;;;
;;;;;;;0.02183;;0.009688;;;
;;;;;;;0.021781;;0.009645;;;
;;;;;;;0.021742;;0.009556;;;
;;;;;;;0.021666;;0.009533;;;
;;;;;;;0.021628;;0.009528;;;
;;;;;;;0.021575;;0.009493;;;
;;;;;;;0.021553;;0.009482;;;
;;;;;;;0.021455;;0.009452;;;
;;;;;;;0.021435;;0.009428;;;
;;;;;;;0.02143;;0.009409;;;
;;;;;;;0.021427;;0.009324;;;
;;;;;;;0.021401;;0.009256;;;
;;;;;;;0.021317;;0.009242;;;
;;;;;;;0.021288;;0.00922;;;
;;;;;;;0.021263;;0.009081;;;
;;;;;;;0.021163;;0.008983;;;
;;;;;;;0.021129;;0.008981;;;
;;;;;;;0.021108;;0.008948;;;
;;;;;;;0.021094;;0.00889;;;
;;;;;;;0.021081;;0.008863;;;
;;;;;;;0.021044;;0.008863;;;
;;;;;;;0.021036;;0.008862;;;
;;;;;;;0.021035;;0.008845;;;
;;;;;;;0.020961;;0.008834;;;
;;;;;;;0.020939;;0.008833;;;
;;;;;;;0.020935;;0.008808;;;
;;;;;;;0.020882;;0.008776;;;
;;;;;;;0.020802;;0.008775;;;
;;;;;;;0.02075;;0.008756;;;
;;;;;;;0.020734;;0.008734;;;
;;;;;;;0.020718;;0.00863;;;
;;;;;;;0.020672;;0.008612;;;
;;;;;;;0.020603;;0.008498;;;
;;;;;;;0.02056;;0.00849;;;
;;;;;;;0.020523;;0.008489;;;
;;;;;;;0.020515;;0.008452;;;
;;;;;;;0.020465;;0.008395;;;
;;;;;;;0.020452;;0.008374;;;
;;;;;;;0.020433;;0.008353;;;
;;;;;;;0.020423;;0.008313;;;
;;;;;;;0.020366;;0.008293;;;
;;;;;;;0.020284;;0.008284;;;
;;;;;;;0.020279;;0.008261;;;
;;;;;;;0.020268;;0.008235;;;
;;;;;;;0.020267;;0.008206;;;
;;;;;;;0.020255;;0.008171;;;
;;;;;;;0.020199;;0.008159;;;
;;;;;;;0.020144;;0.008158;;;
;;;;;;;0.020103;;0.008146;;;
;;;;;;;0.020092;;0.008055;;;
;;;;;;;0.020068;;0.00805;;;
;;;;;;;0.020066;;0.007992;;;
;;;;;;;0.020034;;0.007959;;;
;;;;;;;0.020029;;0.007877;;;
;;;;;;;0.020016;;0.007862;;;
;;;;;;;0.019957;;0.007841;;;
;;;;;;;0.019936;;0.007837;;;
;;;;;;;0.019921;;0.007822;;;
;;;;;;;0.019907;;0.007744;;;
;;;;;;;0.019901;;0.007733;;;
;;;;;;;0.019898;;0.007716;;;
;;;;;;;0.019832;;0.007709;;;
;;;;;;;0.019812;;0.007685;;;
;;;;;;;0.01981;;0.007656;;;
;;;;;;;0.019808;;0.007641;;;
;;;;;;;0.019795;;0.007608;;;
;;;;;;;0.019772;;0.007576;;;
;;;;;;;0.019758;;0.007573;;;
;;;;;;;0.019757;;0.007541;;;
;;;;;;;0.019753;;0.007468;;;
;;;;;;;0.01975;;0.007445;;;
;;;;;;;0.019691;;0.007421;;;
;;;;;;;0.019686;;0.007375;;;
;;;;;;;0.019633;;0.007352;;;
;;;;;;;0.019632;;0.007334;;;
;;;;;;;0.019587;;0.00732;;;
;;;;;;;0.019572;;0.007293;;;
;;;;;;;0.019571;;0.00729;;;
;;;;;;;0.019567;;0.007287;;;
;;;;;;;0.019546;;0.007264;;;
;;;;;;;0.019506;;0.007242;;;
;;;;;;;0.019496;;0.007228;;;
;;;;;;;0.019437;;0.007184;;;
;;;;;;;0.019412;;0.007135;;;
;;;;;;;0.019375;;0.007106;;;
;;;;;;;0.019371;;0.007085;;;
;;;;;;;0.019368;;0.007058;;;
;;;;;;;0.019366;;0.007029;;;
;;;;;;;0.019362;;0.007015;;;
;;;;;;;0.019296;;0.006967;;;
;;;;;;;0.019176;;0.006964;;;
;;;;;;;0.019171;;0.006889;;;
;;;;;;;0.019138;;0.006858;;;
;;;;;;;0.019023;;0.006854;;;
;;;;;;;0.018973;;0.006793;;;
;;;;;;;0.018923;;0.00679;;;
;;;;;;;0.018909;;0.006785;;;
;;;;;;;0.01886;;0.006781;;;
;;;;;;;0.018834;;0.006758;;;
;;;;;;;0.018821;;0.006735;;;
;;;;;;;0.018794;;0.006697;;;
;;;;;;;0.018768;;0.006694;;;
;;;;;;;0.018697;;0.00668;;;
;;;;;;;0.018691;;0.006666;;;
;;;;;;;0.01867;;0.006642;;;
;;;;;;;0.018653;;0.00664;;;
;;;;;;;0.018649;;0.00663;;;
;;;;;;;0.018536;;0.006626;;;
;;;;;;;0.018481;;0.006566;;;
;;;;;;;0.018458;;0.006544;;;
;;;;;;;0.018339;;0.006451;;;
;;;;;;;0.018312;;0.006424;;;
;;;;;;;0.018263;;0.006418;;;
;;;;;;;0.01819;;0.006361;;;
;;;;;;;0.01813;;0.006281;;;
;;;;;;;0.018116;;0.006253;;;
;;;;;;;0.018106;;0.006241;;;
;;;;;;;0.018095;;0.00616;;;
;;;;;;;0.01803;;0.006126;;;
;;;;;;;0.018006;;0.006003;;;
;;;;;;;0.017994;;0.005996;;;
;;;;;;;0.017979;;0.005957;;;
;;;;;;;0.017861;;0.00593;;;
;;;;;;;0.017847;;0.005902;;;
;;;;;;;0.017824;;0.005898;;;
;;;;;;;0.017795;;0.005892;;;
;;;;;;;0.01778;;0.005847;;;
;;;;;;;0.017756;;0.005837;;;
;;;;;;;0.017754;;0.005835;;;
;;;;;;;0.017753;;0.005781;;;
;;;;;;;0.017714;;0.005725;;;
;;;;;;;0.017684;;0.005716;;;
;;;;;;;0.017677;;0.005652;;;
;;;;;;;0.017625;;0.005618;;;
;;;;;;;0.017565;;0.005615;;;
;;;;;;;0.017491;;0.005592;;;
;;;;;;;0.01743;;0.00559;;;
;;;;;;;0.017411;;0.005559;;;
;;;;;;;0.017404;;0.005551;;;
;;;;;;;0.017394;;0.005546;;;
;;;;;;;0.017387;;0.005489;;;
;;;;;;;0.017378;;0.005462;;;
;;;;;;;0.017352;;0.005459;;;
;;;;;;;0.01735;;0.005362;;;
;;;;;;;0.017324;;0.005358;;;
;;;;;;;0.017317;;0.005326;;;
;;;;;;;0.017314;;0.005302;;;
;;;;;;;0.017211;;0.005273;;;
;;;;;;;0.017185;;0.005254;;;
;;;;;;;0.017163;;0.005235;;;
;;;;;;;0.017155;;0.005138;;;
;;;;;;;0.017073;;0.005136;;;
;;;;;;;0.017035;;0.005082;;;
;;;;;;;0.016876;;0.004984;;;
;;;;;;;0.016865;;0.004975;;;
;;;;;;;0.016844;;0.004974;;;
;;;;;;;0.016843;;0.004916;;;
;;;;;;;0.016817;;0.0049;;;
;;;;;;;0.016808;;0.004869;;;
;;;;;;;0.016753;;0.004863;;;
;;;;;;;0.016677;;0.004787;;;
;;;;;;;0.016668;;0.004783;;;
;;;;;;;0.016657;;0.004756;;;
;;;;;;;0.016577;;0.004754;;;
;;;;;;;0.016576;;0.004722;;;
;;;;;;;0.016545;;0.004722;;;
;;;;;;;0.016515;;0.004713;;;
;;;;;;;0.016514;;0.004651;;;
;;;;;;;0.016506;;0.004615;;;
;;;;;;;0.016477;;0.004612;;;
;;;;;;;0.016451;;0.004563;;;
;;;;;;;0.016447;;0.004494;;;
;;;;;;;0.016412;;0.004485;;;
;;;;;;;0.016396;;0.004458;;;
;;;;;;;0.016393;;0.004456;;;
;;;;;;;0.016383;;0.004429;;;
;;;;;;;0.016291;;0.004424;;;
;;;;;;;0.016284;;0.00439;;;
;;;;;;;0.016276;;0.00434;;;
;;;;;;;0.016242;;0.004337;;;
;;;;;;;0.016143;;0.004314;;;
;;;;;;;0.016103;;0.004306;;;
;;;;;;;0.016046;;0.004295;;;
;;;;;;;0.016012;;0.004294;;;
;;;;;;;0.016011;;0.004284;;;
;;;;;;;0.015981;;0.004281;;;
;;;;;;;0.015963;;0.004261;;;
;;;;;;;0.015907;;0.004233;;;
;;;;;;;0.015897;;0.004177;;;
;;;;;;;0.015825;;0.004157;;;
;;;;;;;0.015822;;0.004106;;;
;;;;;;;0.015818;;0.004082;;;
;;;;;;;0.015793;;0.004018;;;
;;;;;;;0.015775;;0.003991;;;
;;;;;;;0.015714;;0.003987;;;
;;;;;;;0.015666;;0.003982;;;
;;;;;;;0.01566;;0.003973;;;
;;;;;;;0.015648;;0.003955;;;
;;;;;;;0.015631;;0.003928;;;
;;;;;;;0.015603;;0.00388;;;
;;;;;;;0.015529;;0.003822;;;
;;;;;;;0.015527;;0.003796;;;
;;;;;;;0.015515;;0.003771;;;
;;;;;;;0.015483;;0.003727;;;
;;;;;;;0.01547;;0.003549;;;
;;;;;;;0.015461;;0.003549;;;
;;;;;;;0.015448;;0.003525;;;
;;;;;;;0.015427;;0.003522;;;
;;;;;;;0.015412;;0.00351;;;
;;;;;;;0.015373;;0.003504;;;
;;;;;;;0.01536;;0.003452;;;
;;;;;;;0.015353;;0.00342;;;
;;;;;;;0.015351;;0.003312;;;
;;;;;;;0.01532;;0.00326;;;
;;;;;;;0.015299;;0.003235;;;
;;;;;;;0.015297;;0.003225;;;
;;;;;;;0.015266;;0.00319;;;
;;;;;;;0.0152;;0.003167;;;
;;;;;;;0.015175;;0.003156;;;
;;;;;;;0.015099;;0.003153;;;
;;;;;;;0.015098;;0.003104;;;
;;;;;;;0.015064;;0.003083;;;
;;;;;;;0.014999;;0.003047;;;
;;;;;;;0.014999;;0.002978;;;
;;;;;;;0.014978;;0.002971;;;
;;;;;;;0.014966;;0.0029;;;
;;;;;;;0.014929;;0.00289;;;
;;;;;;;0.014916;;0.002872;;;
;;;;;;;0.014902;;0.00287;;;
;;;;;;;0.014884;;0.002771;;;
;;;;;;;0.014867;;0.002767;;;
;;;;;;;0.014854;;0.002766;;;
;;;;;;;0.01485;;0.002748;;;
;;;;;;;0.014821;;0.002723;;;
;;;;;;;0.014811;;0.002706;;;
;;;;;;;0.014802;;0.002662;;;
;;;;;;;0.014782;;0.0026;;;
;;;;;;;0.014774;;0.002496;;;
;;;;;;;0.014748;;0.002441;;;
;;;;;;;0.014714;;0.002441;;;
;;;;;;;0.014633;;0.002423;;;
;;;;;;;0.01463;;0.00241;;;
;;;;;;;0.014626;;0.002406;;;
;;;;;;;0.014606;;0.002373;;;
;;;;;;;0.014377;;0.002348;;;
;;;;;;;0.014244;;0.002263;;;
;;;;;;;0.014232;;0.002194;;;
;;;;;;;0.014216;;0.002174;;;
;;;;;;;0.014212;;0.002067;;;
;;;;;;;0.01421;;0.001932;;;
;;;;;;;0.014182;;0.001877;;;
;;;;;;;0.014156;;0.001863;;;
;;;;;;;0.014101;;0.001753;;;
;;;;;;;0.013998;;0.001546;;;
;;;;;;;0.013932;;0.001488;;;
;;;;;;;0.01393;;0.001471;;;
;;;;;;;0.013929;;0.001363;;;
;;;;;;;0.013924;;0.001342;;;
;;;;;;;0.013907;;0.001223;;;
;;;;;;;0.013901;;;;;
;;;;;;;0.013885;;;;;
;;;;;;;0.013845;;;;;
;;;;;;;0.013784;;;;;
;;;;;;;0.013774;;;;;
;;;;;;;0.013698;;;;;
;;;;;;;0.013677;;;;;
;;;;;;;0.013674;;;;;
;;;;;;;0.013667;;;;;
;;;;;;;0.013662;;;;;
;;;;;;;0.013625;;;;;
;;;;;;;0.013625;;;;;
;;;;;;;0.013623;;;;;
;;;;;;;0.013618;;;;;
;;;;;;;0.013575;;;;;
;;;;;;;0.013574;;;;;
;;;;;;;0.013568;;;;;
;;;;;;;0.013565;;;;;
;;;;;;;0.013519;;;;;
;;;;;;;0.013511;;;;;
;;;;;;;0.013462;;;;;
;;;;;;;0.0134;;;;;
;;;;;;;0.0134;;;;;
;;;;;;;0.01337;;;;;
;;;;;;;0.013348;;;;;
;;;;;;;0.013335;;;;;
;;;;;;;0.01333;;;;;
;;;;;;;0.013279;;;;;
;;;;;;;0.013276;;;;;
;;;;;;;0.013272;;;;;
;;;;;;;0.013258;;;;;
;;;;;;;0.013248;;;;;
;;;;;;;0.013246;;;;;
;;;;;;;0.013212;;;;;
;;;;;;;0.013183;;;;;
;;;;;;;0.013112;;;;;
;;;;;;;0.013086;;;;;
;;;;;;;0.01304;;;;;
;;;;;;;0.013039;;;;;
;;;;;;;0.013037;;;;;
;;;;;;;0.013021;;;;;
;;;;;;;0.013011;;;;;
;;;;;;;0.013005;;;;;
;;;;;;;0.012975;;;;;
;;;;;;;0.012964;;;;;
;;;;;;;0.01295;;;;;
;;;;;;;0.01291;;;;;
;;;;;;;0.012888;;;;;
;;;;;;;0.012875;;;;;
;;;;;;;0.01287;;;;;
;;;;;;;0.012858;;;;;
;;;;;;;0.012842;;;;;
;;;;;;;0.012743;;;;;
;;;;;;;0.012729;;;;;
;;;;;;;0.012724;;;;;
;;;;;;;0.012698;;;;;
;;;;;;;0.012642;;;;;
;;;;;;;0.012553;;;;;
;;;;;;;0.012545;;;;;
;;;;;;;0.012542;;;;;
;;;;;;;0.012487;;;;;
;;;;;;;0.012487;;;;;
;;;;;;;0.012469;;;;;
;;;;;;;0.012404;;;;;
;;;;;;;0.01239;;;;;
;;;;;;;0.012316;;;;;
;;;;;;;0.012308;;;;;
;;;;;;;0.012231;;;;;
;;;;;;;0.012199;;;;;
;;;;;;;0.012191;;;;;
;;;;;;;0.012166;;;;;
;;;;;;;0.012137;;;;;
;;;;;;;0.01213;;;;;
;;;;;;;0.012121;;;;;
;;;;;;;0.012104;;;;;
;;;;;;;0.012097;;;;;
;;;;;;;0.012072;;;;;
;;;;;;;0.012042;;;;;
;;;;;;;0.01204;;;;;
;;;;;;;0.012034;;;;;
;;;;;;;0.012034;;;;;
;;;;;;;0.012034;;;;;
;;;;;;;0.01202;;;;;
;;;;;;;0.012013;;;;;
;;;;;;;0.011967;;;;;
;;;;;;;0.011918;;;;;
;;;;;;;0.011873;;;;;
;;;;;;;0.011862;;;;;
;;;;;;;0.011842;;;;;
;;;;;;;0.011834;;;;;
;;;;;;;0.01182;;;;;
;;;;;;;0.011816;;;;;
;;;;;;;0.011808;;;;;
;;;;;;;0.011806;;;;;
;;;;;;;0.011804;;;;;
;;;;;;;0.0118;;;;;
;;;;;;;0.011761;;;;;
;;;;;;;0.011751;;;;;
;;;;;;;0.011713;;;;;
;;;;;;;0.01169;;;;;
;;;;;;;0.011683;;;;;
;;;;;;;0.011648;;;;;
;;;;;;;0.011638;;;;;
;;;;;;;0.011624;;;;;
;;;;;;;0.011605;;;;;
;;;;;;;0.011544;;;;;
;;;;;;;0.01151;;;;;
;;;;;;;0.011496;;;;;
;;;;;;;0.011478;;;;;
;;;;;;;0.011453;;;;;
;;;;;;;0.011439;;;;;
;;;;;;;0.011437;;;;;
;;;;;;;0.011432;;;;;
;;;;;;;0.01142;;;;;
;;;;;;;0.011411;;;;;
;;;;;;;0.011402;;;;;
;;;;;;;0.011401;;;;;
;;;;;;;0.011394;;;;;
;;;;;;;0.011373;;;;;
;;;;;;;0.01137;;;;;
;;;;;;;0.011325;;;;;
;;;;;;;0.011289;;;;;
;;;;;;;0.011282;;;;;
;;;;;;;0.011279;;;;;
;;;;;;;0.01126;;;;;
;;;;;;;0.011253;;;;;
;;;;;;;0.011248;;;;;
;;;;;;;0.011243;;;;;
;;;;;;;0.011215;;;;;
;;;;;;;0.011179;;;;;
;;;;;;;0.011127;;;;;
;;;;;;;0.011085;;;;;
;;;;;;;0.011042;;;;;
;;;;;;;0.011039;;;;;
;;;;;;;0.010956;;;;;
;;;;;;;0.010947;;;;;
;;;;;;;0.010901;;;;;
;;;;;;;0.010865;;;;;
;;;;;;;0.010853;;;;;
;;;;;;;0.01085;;;;;
;;;;;;;0.010835;;;;;
;;;;;;;0.01082;;;;;
;;;;;;;0.010815;;;;;
;;;;;;;0.010802;;;;;
;;;;;;;0.010781;;;;;
;;;;;;;0.010759;;;;;
;;;;;;;0.010751;;;;;
;;;;;;;0.010737;;;;;
;;;;;;;0.010721;;;;;
;;;;;;;0.010714;;;;;
;;;;;;;0.010712;;;;;
;;;;;;;0.010701;;;;;
;;;;;;;0.010689;;;;;
;;;;;;;0.010662;;;;;
;;;;;;;0.010659;;;;;
;;;;;;;0.010642;;;;;
;;;;;;;0.010611;;;;;
;;;;;;;0.010604;;;;;
;;;;;;;0.010581;;;;;
;;;;;;;0.01057;;;;;
;;;;;;;0.010546;;;;;
;;;;;;;0.010543;;;;;
;;;;;;;0.010521;;;;;
;;;;;;;0.010475;;;;;
;;;;;;;0.010402;;;;;
;;;;;;;0.010401;;;;;
;;;;;;;0.010384;;;;;
;;;;;;;0.010376;;;;;
;;;;;;;0.010368;;;;;
;;;;;;;0.010332;;;;;
;;;;;;;0.010332;;;;;
;;;;;;;0.01033;;;;;
;;;;;;;0.010313;;;;;
;;;;;;;0.010302;;;;;
;;;;;;;0.010288;;;;;
;;;;;;;0.010245;;;;;
;;;;;;;0.010243;;;;;
;;;;;;;0.010226;;;;;
;;;;;;;0.010182;;;;;
;;;;;;;0.01018;;;;;
;;;;;;;0.010176;;;;;
;;;;;;;0.010168;;;;;
;;;;;;;0.010156;;;;;
;;;;;;;0.010147;;;;;
;;;;;;;0.010141;;;;;
;;;;;;;0.010129;;;;;
;;;;;;;0.010111;;;;;
;;;;;;;0.010108;;;;;
;;;;;;;0.010091;;;;;
;;;;;;;0.010087;;;;;
;;;;;;;0.010056;;;;;
;;;;;;;0.010048;;;;;
;;;;;;;0.01001;;;;;
;;;;;;;0.009997;;;;;
;;;;;;;0.009989;;;;;
;;;;;;;0.009986;;;;;
;;;;;;;0.009965;;;;;
;;;;;;;0.009936;;;;;
;;;;;;;0.009935;;;;;
;;;;;;;0.009925;;;;;
;;;;;;;0.009923;;;;;
;;;;;;;0.009917;;;;;
;;;;;;;0.009882;;;;;
;;;;;;;0.009878;;;;;
;;;;;;;0.009878;;;;;
;;;;;;;0.009832;;;;;
;;;;;;;0.00983;;;;;
;;;;;;;0.009829;;;;;
;;;;;;;0.009796;;;;;
;;;;;;;0.00976;;;;;
;;;;;;;0.009751;;;;;
;;;;;;;0.009708;;;;;
;;;;;;;0.009703;;;;;
;;;;;;;0.009693;;;;;
;;;;;;;0.009672;;;;;
;;;;;;;0.009666;;;;;
;;;;;;;0.009665;;;;;
;;;;;;;0.009598;;;;;
;;;;;;;0.009595;;;;;
;;;;;;;0.009546;;;;;
;;;;;;;0.009544;;;;;
;;;;;;;0.009538;;;;;
;;;;;;;0.009532;;;;;
;;;;;;;0.009517;;;;;
;;;;;;;0.009512;;;;;
;;;;;;;0.009498;;;;;
;;;;;;;0.009496;;;;;
;;;;;;;0.009474;;;;;
;;;;;;;0.009436;;;;;
;;;;;;;0.009429;;;;;
;;;;;;;0.009421;;;;;
;;;;;;;0.009414;;;;;
;;;;;;;0.009412;;;;;
;;;;;;;0.009368;;;;;
;;;;;;;0.009331;;;;;
;;;;;;;0.009302;;;;;
;;;;;;;0.009286;;;;;
;;;;;;;0.00928;;;;;
;;;;;;;0.009271;;;;;
;;;;;;;0.009262;;;;;
;;;;;;;0.009247;;;;;
;;;;;;;0.009194;;;;;
;;;;;;;0.009193;;;;;
;;;;;;;0.009139;;;;;
;;;;;;;0.009133;;;;;
;;;;;;;0.009124;;;;;
;;;;;;;0.009118;;;;;
;;;;;;;0.009117;;;;;
;;;;;;;0.009115;;;;;
;;;;;;;0.00907;;;;;
;;;;;;;0.009047;;;;;
;;;;;;;0.009042;;;;;
;;;;;;;0.009041;;;;;
;;;;;;;0.009039;;;;;
;;;;;;;0.009011;;;;;
;;;;;;;0.009008;;;;;
;;;;;;;0.008999;;;;;
;;;;;;;0.008998;;;;;
;;;;;;;0.008995;;;;;
;;;;;;;0.008957;;;;;
;;;;;;;0.008948;;;;;
;;;;;;;0.008927;;;;;
;;;;;;;0.008917;;;;;
;;;;;;;0.008914;;;;;
;;;;;;;0.008853;;;;;
;;;;;;;0.008849;;;;;
;;;;;;;0.008826;;;;;
;;;;;;;0.008817;;;;;
;;;;;;;0.008796;;;;;
;;;;;;;0.008778;;;;;
;;;;;;;0.008775;;;;;
;;;;;;;0.00877;;;;;
;;;;;;;0.008759;;;;;
;;;;;;;0.008752;;;;;
;;;;;;;0.008733;;;;;
;;;;;;;0.008728;;;;;
;;;;;;;0.008722;;;;;
;;;;;;;0.008718;;;;;
;;;;;;;0.008711;;;;;
;;;;;;;0.008705;;;;;
;;;;;;;0.008682;;;;;
;;;;;;;0.008679;;;;;
;;;;;;;0.008673;;;;;
;;;;;;;0.008665;;;;;
;;;;;;;0.008664;;;;;
;;;;;;;0.008663;;;;;
;;;;;;;0.008663;;;;;
;;;;;;;0.008643;;;;;
;;;;;;;0.008638;;;;;
;;;;;;;0.008626;;;;;
;;;;;;;0.008615;;;;;
;;;;;;;0.008606;;;;;
;;;;;;;0.008604;;;;;
;;;;;;;0.008591;;;;;
;;;;;;;0.008567;;;;;
;;;;;;;0.008559;;;;;
;;;;;;;0.008538;;;;;
;;;;;;;0.008529;;;;;
;;;;;;;0.008514;;;;;
;;;;;;;0.008509;;;;;
;;;;;;;0.008501;;;;;
;;;;;;;0.008487;;;;;
;;;;;;;0.008482;;;;;
;;;;;;;0.008474;;;;;
;;;;;;;0.008464;;;;;
;;;;;;;0.008458;;;;;
;;;;;;;0.008451;;;;;
;;;;;;;0.008443;;;;;
;;;;;;;0.008438;;;;;
;;;;;;;0.00841;;;;;
;;;;;;;0.008407;;;;;
;;;;;;;0.008401;;;;;
;;;;;;;0.008359;;;;;
;;;;;;;0.008351;;;;;
;;;;;;;0.008332;;;;;
;;;;;;;0.008302;;;;;
;;;;;;;0.008301;;;;;
;;;;;;;0.008292;;;;;
;;;;;;;0.008278;;;;;
;;;;;;;0.008271;;;;;
;;;;;;;0.008219;;;;;
;;;;;;;0.008186;;;;;
;;;;;;;0.008139;;;;;
;;;;;;;0.008113;;;;;
;;;;;;;0.008092;;;;;
;;;;;;;0.008055;;;;;
;;;;;;;0.00805;;;;;
;;;;;;;0.008042;;;;;
;;;;;;;0.008042;;;;;
;;;;;;;0.008034;;;;;
;;;;;;;0.008012;;;;;
;;;;;;;0.007988;;;;;
;;;;;;;0.007986;;;;;
;;;;;;;0.007975;;;;;
;;;;;;;0.007965;;;;;
;;;;;;;0.007962;;;;;
;;;;;;;0.007946;;;;;
;;;;;;;0.007919;;;;;
;;;;;;;0.007909;;;;;
;;;;;;;0.007877;;;;;
;;;;;;;0.007865;;;;;
;;;;;;;0.00784;;;;;
;;;;;;;0.007821;;;;;
;;;;;;;0.007796;;;;;
;;;;;;;0.007795;;;;;
;;;;;;;0.007788;;;;;
;;;;;;;0.007786;;;;;
;;;;;;;0.007779;;;;;
;;;;;;;0.007773;;;;;
;;;;;;;0.007721;;;;;
;;;;;;;0.007698;;;;;
;;;;;;;0.007694;;;;;
;;;;;;;0.007691;;;;;
;;;;;;;0.007691;;;;;
;;;;;;;0.007689;;;;;
;;;;;;;0.007686;;;;;
;;;;;;;0.007685;;;;;
;;;;;;;0.007684;;;;;
;;;;;;;0.007678;;;;;
;;;;;;;0.007674;;;;;
;;;;;;;0.007673;;;;;
;;;;;;;0.007666;;;;;
;;;;;;;0.00764;;;;;
;;;;;;;0.007636;;;;;
;;;;;;;0.007631;;;;;
;;;;;;;0.007605;;;;;
;;;;;;;0.007577;;;;;
;;;;;;;0.007567;;;;;
;;;;;;;0.007552;;;;;
;;;;;;;0.007542;;;;;
;;;;;;;0.00752;;;;;
;;;;;;;0.007496;;;;;
;;;;;;;0.007495;;;;;
;;;;;;;0.007465;;;;;
;;;;;;;0.007449;;;;;
;;;;;;;0.007431;;;;;
;;;;;;;0.007419;;;;;
;;;;;;;0.007402;;;;;
;;;;;;;0.007384;;;;;
;;;;;;;0.007374;;;;;
;;;;;;;0.007364;;;;;
;;;;;;;0.007357;;;;;
;;;;;;;0.007345;;;;;
;;;;;;;0.007334;;;;;
;;;;;;;0.007327;;;;;
;;;;;;;0.007313;;;;;
;;;;;;;0.007291;;;;;
;;;;;;;0.007271;;;;;
;;;;;;;0.007225;;;;;
;;;;;;;0.007223;;;;;
;;;;;;;0.00721;;;;;
;;;;;;;0.007186;;;;;
;;;;;;;0.007165;;;;;
;;;;;;;0.007158;;;;;
;;;;;;;0.007132;;;;;
;;;;;;;0.007114;;;;;
;;;;;;;0.007091;;;;;
;;;;;;;0.007083;;;;;
;;;;;;;0.007078;;;;;
;;;;;;;0.007069;;;;;
;;;;;;;0.007022;;;;;
;;;;;;;0.007002;;;;;
;;;;;;;0.006987;;;;;
;;;;;;;0.006986;;;;;
;;;;;;;0.006976;;;;;
;;;;;;;0.006948;;;;;
;;;;;;;0.006931;;;;;
;;;;;;;0.006905;;;;;
;;;;;;;0.00689;;;;;
;;;;;;;0.006875;;;;;
;;;;;;;0.00687;;;;;
;;;;;;;0.006867;;;;;
;;;;;;;0.006832;;;;;
;;;;;;;0.006809;;;;;
;;;;;;;0.006805;;;;;
;;;;;;;0.006765;;;;;
;;;;;;;0.006758;;;;;
;;;;;;;0.006747;;;;;
;;;;;;;0.006736;;;;;
;;;;;;;0.006685;;;;;
;;;;;;;0.006678;;;;;
;;;;;;;0.006665;;;;;
;;;;;;;0.006662;;;;;
;;;;;;;0.006658;;;;;
;;;;;;;0.006654;;;;;
;;;;;;;0.006638;;;;;
;;;;;;;0.006634;;;;;
;;;;;;;0.006629;;;;;
;;;;;;;0.006628;;;;;
;;;;;;;0.006604;;;;;
;;;;;;;0.006583;;;;;
;;;;;;;0.006569;;;;;
;;;;;;;0.006561;;;;;
;;;;;;;0.006551;;;;;
;;;;;;;0.006526;;;;;
;;;;;;;0.006521;;;;;
;;;;;;;0.006519;;;;;
;;;;;;;0.006501;;;;;
;;;;;;;0.006497;;;;;
;;;;;;;0.006495;;;;;
;;;;;;;0.006491;;;;;
;;;;;;;0.006489;;;;;
;;;;;;;0.006484;;;;;
;;;;;;;0.006451;;;;;
;;;;;;;0.006427;;;;;
;;;;;;;0.006398;;;;;
;;;;;;;0.006389;;;;;
;;;;;;;0.006388;;;;;
;;;;;;;0.006368;;;;;
;;;;;;;0.006367;;;;;
;;;;;;;0.006358;;;;;
;;;;;;;0.006347;;;;;
;;;;;;;0.006316;;;;;
;;;;;;;0.006292;;;;;
;;;;;;;0.00629;;;;;
;;;;;;;0.00629;;;;;
;;;;;;;0.006284;;;;;
;;;;;;;0.006283;;;;;
;;;;;;;0.006283;;;;;
;;;;;;;0.006276;;;;;
;;;;;;;0.00627;;;;;
;;;;;;;0.006264;;;;;
;;;;;;;0.006237;;;;;
;;;;;;;0.006224;;;;;
;;;;;;;0.006202;;;;;
;;;;;;;0.006183;;;;;
;;;;;;;0.006156;;;;;
;;;;;;;0.006152;;;;;
;;;;;;;0.006111;;;;;
;;;;;;;0.00609;;;;;
;;;;;;;0.006075;;;;;
;;;;;;;0.006062;;;;;
;;;;;;;0.006028;;;;;
;;;;;;;0.006016;;;;;
;;;;;;;0.006012;;;;;
;;;;;;;0.006011;;;;;
;;;;;;;0.006005;;;;;
;;;;;;;0.006004;;;;;
;;;;;;;0.006004;;;;;
;;;;;;;0.005985;;;;;
;;;;;;;0.005955;;;;;
;;;;;;;0.005929;;;;;
;;;;;;;0.005925;;;;;
;;;;;;;0.005919;;;;;
;;;;;;;0.005895;;;;;
;;;;;;;0.005884;;;;;
;;;;;;;0.00586;;;;;
;;;;;;;0.005844;;;;;
;;;;;;;0.00579;;;;;
;;;;;;;0.005719;;;;;
;;;;;;;0.005683;;;;;
;;;;;;;0.005663;;;;;
;;;;;;;0.005658;;;;;
;;;;;;;0.005642;;;;;
;;;;;;;0.005512;;;;;
;;;;;;;0.005473;;;;;
;;;;;;;0.005454;;;;;
;;;;;;;0.005443;;;;;
;;;;;;;0.00543;;;;;
;;;;;;;0.005409;;;;;
;;;;;;;0.005387;;;;;
;;;;;;;0.005367;;;;;
;;;;;;;0.005358;;;;;
;;;;;;;0.005321;;;;;
;;;;;;;0.005312;;;;;
;;;;;;;0.005295;;;;;
;;;;;;;0.005293;;;;;
;;;;;;;0.005292;;;;;
;;;;;;;0.005258;;;;;
;;;;;;;0.005233;;;;;
;;;;;;;0.005206;;;;;
;;;;;;;0.005202;;;;;
;;;;;;;0.00514;;;;;
;;;;;;;0.005111;;;;;
;;;;;;;0.0051;;;;;
;;;;;;;0.005086;;;;;
;;;;;;;0.005082;;;;;
;;;;;;;0.005052;;;;;
;;;;;;;0.004995;;;;;
;;;;;;;0.004972;;;;;
;;;;;;;0.00497;;;;;
;;;;;;;0.004951;;;;;
;;;;;;;0.004944;;;;;
;;;;;;;0.004929;;;;;
;;;;;;;0.00491;;;;;
;;;;;;;0.004867;;;;;
;;;;;;;0.004849;;;;;
;;;;;;;0.004847;;;;;
;;;;;;;0.004816;;;;;
;;;;;;;0.004746;;;;;
;;;;;;;0.004731;;;;;
;;;;;;;0.004724;;;;;
;;;;;;;0.00456;;;;;
;;;;;;;0.004539;;;;;
;;;;;;;0.004467;;;;;
;;;;;;;0.004404;;;;;
;;;;;;;0.004373;;;;;
;;;;;;;0.004334;;;;;
;;;;;;;0.004295;;;;;
;;;;;;;0.004256;;;;;
;;;;;;;0.004232;;;;;
;;;;;;;0.004229;;;;;
;;;;;;;0.004168;;;;;
;;;;;;;0.004131;;;;;
;;;;;;;0.004086;;;;;
;;;;;;;0.004049;;;;;
;;;;;;;0.003992;;;;;
;;;;;;;0.003833;;;;;
;;;;;;;0.003792;;;;;
;;;;;;;0.003761;;;;;
;;;;;;;0.003753;;;;;
;;;;;;;0.003625;;;;;
;;;;;;;0.003538;;;;;
;;;;;;;0.003463;;;;;
;;;;;;;0.003458;;;;;
;;;;;;;0.003432;;;;;
;;;;;;;0.003253;;;;;
;;;;;;;0.003246;;;;;
;;;;;;;0.003184;;;;;
;;;;;;;0.003156;;;;;
;;;;;;;0.003112;;;;;
;;;;;;;0.003101;;;;;
;;;;;;;0.003032;;;;;
;;;;;;;0.002644;;;;;
;;;;;;;0.002566;;;;;
;;;;;;;0.002385;;;;;
;;;;;;;0.002209;;;;;
;;;;;;;0.002098;;;;;
;;;;;;;0.002047;;;;;
;;;;;;;0.001834;;;;;
;;;;;;;0.001707;;;;;
;;;;;;;0.001641;;;;;
;;;;;;;0.001607;;;;;
;;;;;;;0.001541;;;;;
;;;;;;;0.001402;;;;;
;;;;;;;0.001376;;;;;
;;;;;;;0.001129;;;;;
;;;;;;;0.00093;;;;;
;;;;;;;0.000894;;;;;
;;;;;;;0.000884;;;;;
